ASV	baseMean	log2FoldChange	lfcSE	stat	pvalue	padj	term	full.formula	null.formula
ASV25	337.4637067808601	-1.08564012387541	3.1189527410143802	261.9813583678871	1.292619935756018e-57	1.008243549889694e-55	t14520_Fitzpatrick_type	 ~ t14110_gender + t4_examination_age + t277_BMI + wash + cream + t14520_Fitzpatrick_type	 ~ t14110_gender + t4_examination_age + t277_BMI + wash + cream
ASV54	42.20220504108869	-1.9455418377675904	1.288199548000485	246.34250939197227	3.2166496151925693e-54	1.254493349925102e-52	t14520_Fitzpatrick_type	 ~ t14110_gender + t4_examination_age + t277_BMI + wash + cream + t14520_Fitzpatrick_type	 ~ t14110_gender + t4_examination_age + t277_BMI + wash + cream
ASV20	203.8018589149553	0.4587508209176321	3.12470358487351	241.67266553844456	3.3223659327094426e-53	7.891275894509591e-52	t14520_Fitzpatrick_type	 ~ t14110_gender + t4_examination_age + t277_BMI + wash + cream + t14520_Fitzpatrick_type	 ~ t14110_gender + t4_examination_age + t277_BMI + wash + cream
ASV45	78.2737215334747	0.06297601948717395	1.0514296433599488	241.2781629382905	4.0468081510305595e-53	7.891275894509591e-52	t14520_Fitzpatrick_type	 ~ t14110_gender + t4_examination_age + t277_BMI + wash + cream + t14520_Fitzpatrick_type	 ~ t14110_gender + t4_examination_age + t277_BMI + wash + cream
ASV107	35.3288331439224	1.7884553004206176	1.9872905739579019	128.74890076796044	1.1028880286623952e-28	1.7205053247133366e-27	t14520_Fitzpatrick_type	 ~ t14110_gender + t4_examination_age + t277_BMI + wash + cream + t14520_Fitzpatrick_type	 ~ t14110_gender + t4_examination_age + t277_BMI + wash + cream
ASV5	2061.5136807797385	-0.5086250622901262	3.0941032169351264	110.61336772215736	9.563401447913551e-25	1.2432421882287616e-23	t14520_Fitzpatrick_type	 ~ t14110_gender + t4_examination_age + t277_BMI + wash + cream + t14520_Fitzpatrick_type	 ~ t14110_gender + t4_examination_age + t277_BMI + wash + cream
ASV73	18.211799196239127	0.054423843406876705	1.5762268533166754	96.95659120807045	8.833721986552295e-22	9.843290213586843e-21	t14520_Fitzpatrick_type	 ~ t14110_gender + t4_examination_age + t277_BMI + wash + cream + t14520_Fitzpatrick_type	 ~ t14110_gender + t4_examination_age + t277_BMI + wash + cream
ASV145	111.24197623405252	1.1343371694732518	3.1232490768472974	94.20245108525256	3.501044702020183e-21	3.4135185844696783e-20	t14520_Fitzpatrick_type	 ~ t14110_gender + t4_examination_age + t277_BMI + wash + cream + t14520_Fitzpatrick_type	 ~ t14110_gender + t4_examination_age + t277_BMI + wash + cream
ASV129	50.401808437428905	-0.07053197472755726	3.1277492415860806	76.32263006818485	2.6714771170726586e-17	2.3152801681296373e-16	t14520_Fitzpatrick_type	 ~ t14110_gender + t4_examination_age + t277_BMI + wash + cream + t14520_Fitzpatrick_type	 ~ t14110_gender + t4_examination_age + t277_BMI + wash + cream
ASV7	1208.2821130348975	0.3969656646059691	3.1007657885217714	74.7490249223406	5.867532101094866e-17	4.576675038853995e-16	t14520_Fitzpatrick_type	 ~ t14110_gender + t4_examination_age + t277_BMI + wash + cream + t14520_Fitzpatrick_type	 ~ t14110_gender + t4_examination_age + t277_BMI + wash + cream
ASV137	21.776571453384033	0.27064608417399594	3.125764587268964	59.28040866863731	1.3409815886045908e-13	9.508778537378006e-13	t14520_Fitzpatrick_type	 ~ t14110_gender + t4_examination_age + t277_BMI + wash + cream + t14520_Fitzpatrick_type	 ~ t14110_gender + t4_examination_age + t277_BMI + wash + cream
ASV77	137.45412718857068	0.4850264697795381	3.125819822853866	58.46835997202379	2.0125975937240032e-13	1.308188435920602e-12	t14520_Fitzpatrick_type	 ~ t14110_gender + t4_examination_age + t277_BMI + wash + cream + t14520_Fitzpatrick_type	 ~ t14110_gender + t4_examination_age + t277_BMI + wash + cream
ASV34	79.27867370378709	-0.5580852017404918	3.1065508530390455	43.444166898224466	3.6831467460377913e-10	2.209888047622675e-9	t14520_Fitzpatrick_type	 ~ t14110_gender + t4_examination_age + t277_BMI + wash + cream + t14520_Fitzpatrick_type	 ~ t14110_gender + t4_examination_age + t277_BMI + wash + cream
ASV24	133.22321415218477	2.0422963419852374	2.7106618572794656	42.53562270615862	5.801053719696983e-10	3.232015643831176e-9	t14520_Fitzpatrick_type	 ~ t14110_gender + t4_examination_age + t277_BMI + wash + cream + t14520_Fitzpatrick_type	 ~ t14110_gender + t4_examination_age + t277_BMI + wash + cream
ASV9	1278.5513728649855	0.6012968613321861	3.090742013043164	35.15185451287766	2.3274040096986665e-8	1.2102500850433066e-7	t14520_Fitzpatrick_type	 ~ t14110_gender + t4_examination_age + t277_BMI + wash + cream + t14520_Fitzpatrick_type	 ~ t14110_gender + t4_examination_age + t277_BMI + wash + cream
ASV557	51.37198025478931	0.6494041360480324	3.1264766738100853	33.27786718149798	5.940225842076409e-8	2.8958600980122494e-7	t14520_Fitzpatrick_type	 ~ t14110_gender + t4_examination_age + t277_BMI + wash + cream + t14520_Fitzpatrick_type	 ~ t14110_gender + t4_examination_age + t277_BMI + wash + cream
ASV66	44.48487003207265	1.9651687935615498	3.1187200182953094	30.78993948289684	2.0608652306733436e-7	9.45573458779534e-7	t14520_Fitzpatrick_type	 ~ t14110_gender + t4_examination_age + t277_BMI + wash + cream + t14520_Fitzpatrick_type	 ~ t14110_gender + t4_examination_age + t277_BMI + wash + cream
ASV47	24.417762447389876	1.4038212021327114	3.117886342061241	25.39631765820269	3.056748376318309e-6	1.3245909630712672e-5	t14520_Fitzpatrick_type	 ~ t14110_gender + t4_examination_age + t277_BMI + wash + cream + t14520_Fitzpatrick_type	 ~ t14110_gender + t4_examination_age + t277_BMI + wash + cream
ASV111	64.9645967999145	0.5175380081582481	3.1268238809631113	23.595776447171744	7.520422608927678e-6	3.06064321229539e-5	t14520_Fitzpatrick_type	 ~ t14110_gender + t4_examination_age + t277_BMI + wash + cream + t14520_Fitzpatrick_type	 ~ t14110_gender + t4_examination_age + t277_BMI + wash + cream
ASV604	34.343239458585764	-0.42227727692651923	3.127945003437618	23.510553848267904	7.847803108449719e-6	3.06064321229539e-5	t14520_Fitzpatrick_type	 ~ t14110_gender + t4_examination_age + t277_BMI + wash + cream + t14520_Fitzpatrick_type	 ~ t14110_gender + t4_examination_age + t277_BMI + wash + cream
ASV97	34.311150360922106	0.5969909468227331	3.1197900881376324	13.442647388699527	0.00120494218270327	0.004475499535755003	t14520_Fitzpatrick_type	 ~ t14110_gender + t4_examination_age + t277_BMI + wash + cream + t14520_Fitzpatrick_type	 ~ t14110_gender + t4_examination_age + t277_BMI + wash + cream
ASV88	33.89913655604035	-0.5525616763525851	3.12666085822887	12.739918008150369	0.00171222941855521	0.006070631574877563	t14520_Fitzpatrick_type	 ~ t14110_gender + t4_examination_age + t277_BMI + wash + cream + t14520_Fitzpatrick_type	 ~ t14110_gender + t4_examination_age + t277_BMI + wash + cream
ASV27	41.67126799533088	1.3452831501784652	3.118367805856011	12.502252073948455	0.0019282815969026282	0.006539389763408913	t14520_Fitzpatrick_type	 ~ t14110_gender + t4_examination_age + t277_BMI + wash + cream + t14520_Fitzpatrick_type	 ~ t14110_gender + t4_examination_age + t277_BMI + wash + cream
ASV138	48.549171141856014	0.20319040416298736	3.117849747578356	10.485389820186128	0.005285992349614608	0.017179475136247475	t14520_Fitzpatrick_type	 ~ t14110_gender + t4_examination_age + t277_BMI + wash + cream + t14520_Fitzpatrick_type	 ~ t14110_gender + t4_examination_age + t277_BMI + wash + cream
ASV497	40.898653583573996	0.2781268478039252	3.127422845147053	8.624461180972673	0.013403618241028887	0.04181928891201013	t14520_Fitzpatrick_type	 ~ t14110_gender + t4_examination_age + t277_BMI + wash + cream + t14520_Fitzpatrick_type	 ~ t14110_gender + t4_examination_age + t277_BMI + wash + cream
ASV100	73.5675694502926	-0.5433666818012796	3.1230813017470047	8.394126651188174	0.015039678671822624	0.04511903601546787	t14520_Fitzpatrick_type	 ~ t14110_gender + t4_examination_age + t277_BMI + wash + cream + t14520_Fitzpatrick_type	 ~ t14110_gender + t4_examination_age + t277_BMI + wash + cream
ASV23	142.5441206706217	0.5714344849044678	1.7362959635872748	7.576246757153626	0.022638045054081405	0.06306312550779819	t14520_Fitzpatrick_type	 ~ t14110_gender + t4_examination_age + t277_BMI + wash + cream + t14520_Fitzpatrick_type	 ~ t14110_gender + t4_examination_age + t277_BMI + wash + cream
ASV122	35.31757965882334	0.23630104593935414	3.1197511494081183	7.633083524244114	0.022003763718947106	0.06306312550779819	t14520_Fitzpatrick_type	 ~ t14110_gender + t4_examination_age + t277_BMI + wash + cream + t14520_Fitzpatrick_type	 ~ t14110_gender + t4_examination_age + t277_BMI + wash + cream
ASV172	22.817507374574376	0.6974804156064531	3.1184820944800125	7.245049026341462	0.026715148546543638	0.07185453747001393	t14520_Fitzpatrick_type	 ~ t14110_gender + t4_examination_age + t277_BMI + wash + cream + t14520_Fitzpatrick_type	 ~ t14110_gender + t4_examination_age + t277_BMI + wash + cream
ASV39	51.271039307450465	0.07439965681589235	3.113482130831198	6.887595493138804	0.0319431427192532	0.08305217107005833	t14520_Fitzpatrick_type	 ~ t14110_gender + t4_examination_age + t277_BMI + wash + cream + t14520_Fitzpatrick_type	 ~ t14110_gender + t4_examination_age + t277_BMI + wash + cream
ASV32	56.44235935429701	-0.7654757720676297	0.8465129323942624	6.240740001316226	0.04414083326051336	0.11106403207484006	t14520_Fitzpatrick_type	 ~ t14110_gender + t4_examination_age + t277_BMI + wash + cream + t14520_Fitzpatrick_type	 ~ t14110_gender + t4_examination_age + t277_BMI + wash + cream
ASV29	65.80287135387057	1.0834962187091142	3.108564091630917	5.716658263762611	0.057364528797204765	0.13982603894318663	t14520_Fitzpatrick_type	 ~ t14110_gender + t4_examination_age + t277_BMI + wash + cream + t14520_Fitzpatrick_type	 ~ t14110_gender + t4_examination_age + t277_BMI + wash + cream
ASV13	120.96814244655761	1.1178987622313443	3.110846168416239	5.423722734136618	0.06641307248730047	0.1569763531518011	t14520_Fitzpatrick_type	 ~ t14110_gender + t4_examination_age + t277_BMI + wash + cream + t14520_Fitzpatrick_type	 ~ t14110_gender + t4_examination_age + t277_BMI + wash + cream
ASV49	40.51887937440181	0.5548193274119934	3.1101723829350907	5.196583087850797	0.07440057981765562	0.17068368311109228	t14520_Fitzpatrick_type	 ~ t14110_gender + t4_examination_age + t277_BMI + wash + cream + t14520_Fitzpatrick_type	 ~ t14110_gender + t4_examination_age + t277_BMI + wash + cream
ASV109	63.97334149861451	-0.04956085372439978	3.114546961088449	4.839163945604071	0.08895879688443539	0.19825103305674174	t14520_Fitzpatrick_type	 ~ t14110_gender + t4_examination_age + t277_BMI + wash + cream + t14520_Fitzpatrick_type	 ~ t14110_gender + t4_examination_age + t277_BMI + wash + cream
ASV31	66.36861630675395	0.2673854542652059	2.2634991707683882	4.083825173055629	0.12978025738790674	0.2811905576737979	t14520_Fitzpatrick_type	 ~ t14110_gender + t4_examination_age + t277_BMI + wash + cream + t14520_Fitzpatrick_type	 ~ t14110_gender + t4_examination_age + t277_BMI + wash + cream
ASV2	1271.1396965196373	0.33807193342057906	0.46117131828823854	3.930697383516417	0.14010702393279054	0.29536075315561244	t14520_Fitzpatrick_type	 ~ t14110_gender + t4_examination_age + t277_BMI + wash + cream + t14520_Fitzpatrick_type	 ~ t14110_gender + t4_examination_age + t277_BMI + wash + cream
ASV1	12204.410092363536	-0.9236522407988433	0.471479612263884	3.80259655183454	0.1493745638822635	0.3066109469162251	t14520_Fitzpatrick_type	 ~ t14110_gender + t4_examination_age + t277_BMI + wash + cream + t14520_Fitzpatrick_type	 ~ t14110_gender + t4_examination_age + t277_BMI + wash + cream
ASV6	598.7921069680549	0.22085784804617759	1.8303894326732943	3.5277846853925894	0.17137650783300973	0.33418419027436896	t14520_Fitzpatrick_type	 ~ t14110_gender + t4_examination_age + t277_BMI + wash + cream + t14520_Fitzpatrick_type	 ~ t14110_gender + t4_examination_age + t277_BMI + wash + cream
ASV41	23.491934622741855	0.35293845531387125	3.122541165598438	3.5383829226961723	0.17047076532187638	0.33418419027436896	t14520_Fitzpatrick_type	 ~ t14110_gender + t4_examination_age + t277_BMI + wash + cream + t14520_Fitzpatrick_type	 ~ t14110_gender + t4_examination_age + t277_BMI + wash + cream
ASV36	118.72867237552677	0.6291466129397075	3.1008136043279424	3.448316651999562	0.17832307852606732	0.33924878353739635	t14520_Fitzpatrick_type	 ~ t14110_gender + t4_examination_age + t277_BMI + wash + cream + t14520_Fitzpatrick_type	 ~ t14110_gender + t4_examination_age + t277_BMI + wash + cream
ASV19	70.75355250033849	0.5586642578433837	2.2953002392738524	3.170608426592821	0.20488545475562112	0.3757952078869811	t14520_Fitzpatrick_type	 ~ t14110_gender + t4_examination_age + t277_BMI + wash + cream + t14520_Fitzpatrick_type	 ~ t14110_gender + t4_examination_age + t277_BMI + wash + cream
ASV84	24.910663759043945	-0.541480046440888	3.1215606200793706	3.1024602732393873	0.21198704034650218	0.3757952078869811	t14520_Fitzpatrick_type	 ~ t14110_gender + t4_examination_age + t277_BMI + wash + cream + t14520_Fitzpatrick_type	 ~ t14110_gender + t4_examination_age + t277_BMI + wash + cream
ASV87	48.254445864617075	-0.22134846261369143	3.1202061877491136	3.1445928937980057	0.20756796580410422	0.3757952078869811	t14520_Fitzpatrick_type	 ~ t14110_gender + t4_examination_age + t277_BMI + wash + cream + t14520_Fitzpatrick_type	 ~ t14110_gender + t4_examination_age + t277_BMI + wash + cream
ASV69	27.061041543134788	0.06477899500998403	1.9998343262935272	2.8485510782847996	0.2406827653057582	0.41718345986331423	t14520_Fitzpatrick_type	 ~ t14110_gender + t4_examination_age + t277_BMI + wash + cream + t14520_Fitzpatrick_type	 ~ t14110_gender + t4_examination_age + t277_BMI + wash + cream
ASV184	289.532833467618	-0.03222958639046678	3.127021912508825	2.58544210955597	0.2745227743580829	0.4654951391289232	t14520_Fitzpatrick_type	 ~ t14110_gender + t4_examination_age + t277_BMI + wash + cream + t14520_Fitzpatrick_type	 ~ t14110_gender + t4_examination_age + t277_BMI + wash + cream
ASV16	29.929332311605428	-0.19263619638152496	3.1230178665679538	2.143422404759974	0.3424220623421108	0.5682749119720136	t14520_Fitzpatrick_type	 ~ t14110_gender + t4_examination_age + t277_BMI + wash + cream + t14520_Fitzpatrick_type	 ~ t14110_gender + t4_examination_age + t277_BMI + wash + cream
ASV3	454.113733676608	0.532265805712218	0.4705208377293322	1.6232622712648208	0.4441330338535778	0.7217161800120638	t14520_Fitzpatrick_type	 ~ t14110_gender + t4_examination_age + t277_BMI + wash + cream + t14520_Fitzpatrick_type	 ~ t14110_gender + t4_examination_age + t277_BMI + wash + cream
ASV50	42.16754037768302	1.421148896872183	1.2241799024757891	1.1927788718068086	0.5507967371939716	0.8767784796148935	t14520_Fitzpatrick_type	 ~ t14110_gender + t4_examination_age + t277_BMI + wash + cream + t14520_Fitzpatrick_type	 ~ t14110_gender + t4_examination_age + t277_BMI + wash + cream
ASV74	26.143062720410683	-0.9808528381453109	1.6542112146696835	1.1521885885636038	0.5620894408777236	0.8768595277692489	t14520_Fitzpatrick_type	 ~ t14110_gender + t4_examination_age + t277_BMI + wash + cream + t14520_Fitzpatrick_type	 ~ t14110_gender + t4_examination_age + t277_BMI + wash + cream
ASV8	186.9572053625941	0.24384555317123552	0.805121741426971	0.9644361461175777	0.6174124060708982	0.9442777975201971	t14520_Fitzpatrick_type	 ~ t14110_gender + t4_examination_age + t277_BMI + wash + cream + t14520_Fitzpatrick_type	 ~ t14110_gender + t4_examination_age + t277_BMI + wash + cream
ASV26	40.58680319119994	0.39803117715786435	1.2512381538752988	0.7440867626307295	0.6893243380790812	0.9775872430939697	t14520_Fitzpatrick_type	 ~ t14110_gender + t4_examination_age + t277_BMI + wash + cream + t14520_Fitzpatrick_type	 ~ t14110_gender + t4_examination_age + t277_BMI + wash + cream
ASV35	174.93977695508605	0.13056136989787204	3.1012736756752264	0.775705208565455	0.6785123457078309	0.9775872430939697	t14520_Fitzpatrick_type	 ~ t14110_gender + t4_examination_age + t277_BMI + wash + cream + t14520_Fitzpatrick_type	 ~ t14110_gender + t4_examination_age + t277_BMI + wash + cream
ASV44	36.693562640443545	0.7220048952529987	1.3636637564738572	0.7739115520700466	0.6791211276915139	0.9775872430939697	t14520_Fitzpatrick_type	 ~ t14110_gender + t4_examination_age + t277_BMI + wash + cream + t14520_Fitzpatrick_type	 ~ t14110_gender + t4_examination_age + t277_BMI + wash + cream
ASV267	105.30043449222343	-0.6811503349993229	3.126775174098301	0.8265037584738479	0.6614956448241559	0.9775872430939697	t14520_Fitzpatrick_type	 ~ t14110_gender + t4_examination_age + t277_BMI + wash + cream + t14520_Fitzpatrick_type	 ~ t14110_gender + t4_examination_age + t277_BMI + wash + cream
ASV4	70.92991004827613	-0.265921238337627	2.2203217610782864	-56.96512644308302	1	1	t14520_Fitzpatrick_type	 ~ t14110_gender + t4_examination_age + t277_BMI + wash + cream + t14520_Fitzpatrick_type	 ~ t14110_gender + t4_examination_age + t277_BMI + wash + cream
ASV10	778.9121602379795	0.37419288499745484	3.1110320767988178	-0.7351909870772033	1	1	t14520_Fitzpatrick_type	 ~ t14110_gender + t4_examination_age + t277_BMI + wash + cream + t14520_Fitzpatrick_type	 ~ t14110_gender + t4_examination_age + t277_BMI + wash + cream
ASV11	1552.5057762348831	0.4526735524619117	3.102038437181294	-14.038965013333382	1	1	t14520_Fitzpatrick_type	 ~ t14110_gender + t4_examination_age + t277_BMI + wash + cream + t14520_Fitzpatrick_type	 ~ t14110_gender + t4_examination_age + t277_BMI + wash + cream
ASV14	139.1086392278231	0.49974546284341564	2.360192881211149	-70.97703838320797	1	1	t14520_Fitzpatrick_type	 ~ t14110_gender + t4_examination_age + t277_BMI + wash + cream + t14520_Fitzpatrick_type	 ~ t14110_gender + t4_examination_age + t277_BMI + wash + cream
ASV18	52.55477139167593	0.5544295639942594	3.1110223320784156	-4.777117067911604	1	1	t14520_Fitzpatrick_type	 ~ t14110_gender + t4_examination_age + t277_BMI + wash + cream + t14520_Fitzpatrick_type	 ~ t14110_gender + t4_examination_age + t277_BMI + wash + cream
ASV28	99.21362738676662	0.44105289926620095	2.564207834085908	0.4798288514550677	0.7866951790537686	1	t14520_Fitzpatrick_type	 ~ t14110_gender + t4_examination_age + t277_BMI + wash + cream + t14520_Fitzpatrick_type	 ~ t14110_gender + t4_examination_age + t277_BMI + wash + cream
ASV30	57.5583668695481	1.0153621051250907	3.1106646242014904	-0.8317040769476876	1	1	t14520_Fitzpatrick_type	 ~ t14110_gender + t4_examination_age + t277_BMI + wash + cream + t14520_Fitzpatrick_type	 ~ t14110_gender + t4_examination_age + t277_BMI + wash + cream
ASV38	84.47560964582075	-0.10250305293889507	1.0804935516684517	0.29918648318266605	0.8610581478446321	1	t14520_Fitzpatrick_type	 ~ t14110_gender + t4_examination_age + t277_BMI + wash + cream + t14520_Fitzpatrick_type	 ~ t14110_gender + t4_examination_age + t277_BMI + wash + cream
ASV43	166.11991815037592	0.06053058959491974	3.101333002273472	0.5802164567583077	0.7481825886076567	1	t14520_Fitzpatrick_type	 ~ t14110_gender + t4_examination_age + t277_BMI + wash + cream + t14520_Fitzpatrick_type	 ~ t14110_gender + t4_examination_age + t277_BMI + wash + cream
ASV52	51.41330466283937	0.6295216407742708	3.1165943283134543	-6.165372369969759	1	1	t14520_Fitzpatrick_type	 ~ t14110_gender + t4_examination_age + t277_BMI + wash + cream + t14520_Fitzpatrick_type	 ~ t14110_gender + t4_examination_age + t277_BMI + wash + cream
ASV55	93.2872070193516	-0.6399333741791948	1.4217458086749966	0.48431562150756235	0.7849322970197866	1	t14520_Fitzpatrick_type	 ~ t14110_gender + t4_examination_age + t277_BMI + wash + cream + t14520_Fitzpatrick_type	 ~ t14110_gender + t4_examination_age + t277_BMI + wash + cream
ASV57	82.93912502760725	0.9666117632635436	3.1023322356784706	-5.889083917862877	1	1	t14520_Fitzpatrick_type	 ~ t14110_gender + t4_examination_age + t277_BMI + wash + cream + t14520_Fitzpatrick_type	 ~ t14110_gender + t4_examination_age + t277_BMI + wash + cream
ASV59	21.895547017166493	-0.10407342443050449	3.1174361742433017	-0.43254198533378485	1	1	t14520_Fitzpatrick_type	 ~ t14110_gender + t4_examination_age + t277_BMI + wash + cream + t14520_Fitzpatrick_type	 ~ t14110_gender + t4_examination_age + t277_BMI + wash + cream
ASV64	25.36269749757459	0.6159725512849487	1.1236173752810115	-1.1117148266539516	1	1	t14520_Fitzpatrick_type	 ~ t14110_gender + t4_examination_age + t277_BMI + wash + cream + t14520_Fitzpatrick_type	 ~ t14110_gender + t4_examination_age + t277_BMI + wash + cream
ASV75	43.899025964320344	0.6372772904936894	3.1120881415661614	-1.2690288994895127	1	1	t14520_Fitzpatrick_type	 ~ t14110_gender + t4_examination_age + t277_BMI + wash + cream + t14520_Fitzpatrick_type	 ~ t14110_gender + t4_examination_age + t277_BMI + wash + cream
ASV89	23.64819969269604	-0.8288167437020046	3.114165827796303	-0.9890098578541711	1	1	t14520_Fitzpatrick_type	 ~ t14110_gender + t4_examination_age + t277_BMI + wash + cream + t14520_Fitzpatrick_type	 ~ t14110_gender + t4_examination_age + t277_BMI + wash + cream
ASV141	29.190596801083487	-0.021045052620277626	3.124154787549483	0.4095225848741961	0.8148418020986185	1	t14520_Fitzpatrick_type	 ~ t14110_gender + t4_examination_age + t277_BMI + wash + cream + t14520_Fitzpatrick_type	 ~ t14110_gender + t4_examination_age + t277_BMI + wash + cream
ASV177	30.27533703660418	-0.5302357824706372	3.1223589694398046	-1.5159121711423609	1	1	t14520_Fitzpatrick_type	 ~ t14110_gender + t4_examination_age + t277_BMI + wash + cream + t14520_Fitzpatrick_type	 ~ t14110_gender + t4_examination_age + t277_BMI + wash + cream
ASV445	154.72422937788355	0.2863415806685479	3.1290434036859764	-0.0020207230161304324	1	1	t14520_Fitzpatrick_type	 ~ t14110_gender + t4_examination_age + t277_BMI + wash + cream + t14520_Fitzpatrick_type	 ~ t14110_gender + t4_examination_age + t277_BMI + wash + cream
ASV500	29.874134207453444	0.1416380895960801	3.129181420035024	-1.6155181091903614e-4	1	1	t14520_Fitzpatrick_type	 ~ t14110_gender + t4_examination_age + t277_BMI + wash + cream + t14520_Fitzpatrick_type	 ~ t14110_gender + t4_examination_age + t277_BMI + wash + cream
ASV558	101.76176539730974	-0.07931658830991026	3.128467598917953	0.42452090377287277	0.8087540286207112	1	t14520_Fitzpatrick_type	 ~ t14110_gender + t4_examination_age + t277_BMI + wash + cream + t14520_Fitzpatrick_type	 ~ t14110_gender + t4_examination_age + t277_BMI + wash + cream
ASV598	64.28996633142395	0.21836101404766753	3.1292607823455785	7.772422369498599e-4	0.9996114543849309	1	t14520_Fitzpatrick_type	 ~ t14110_gender + t4_examination_age + t277_BMI + wash + cream + t14520_Fitzpatrick_type	 ~ t14110_gender + t4_examination_age + t277_BMI + wash + cream
ASV838	29.466662043563574	-0.21686952568200993	3.128672501427806	-4.63154511379571e-4	1	1	t14520_Fitzpatrick_type	 ~ t14110_gender + t4_examination_age + t277_BMI + wash + cream + t14520_Fitzpatrick_type	 ~ t14110_gender + t4_examination_age + t277_BMI + wash + cream
ASV7	1208.2821130348975	-0.14127842008898886	0.21923968297128157	395.6663505133006	4.834241851253334e-88	3.7707086439776006e-86	t14558_TEWL_humidity	 ~ t14110_gender + t4_examination_age + t277_BMI + wash + cream + t14558_TEWL_humidity	 ~ t14110_gender + t4_examination_age + t277_BMI + wash + cream
ASV36	118.72867237552677	-0.04972126078198435	0.0889890709807656	282.6584142604445	1.9782957044509288e-63	7.715353247358622e-62	t14558_TEWL_humidity	 ~ t14110_gender + t4_examination_age + t277_BMI + wash + cream + t14558_TEWL_humidity	 ~ t14110_gender + t4_examination_age + t277_BMI + wash + cream
ASV25	337.4637067808601	-0.05846488372512426	0.22026861732978747	195.39223241280445	2.1154721274999076e-44	5.5002275314997595e-43	t14558_TEWL_humidity	 ~ t14110_gender + t4_examination_age + t277_BMI + wash + cream + t14558_TEWL_humidity	 ~ t14110_gender + t4_examination_age + t277_BMI + wash + cream
ASV5	2061.5136807797385	-0.102617193804903	0.21876293550357534	128.94968891783265	6.955938467738845e-30	1.3564080012090746e-28	t14558_TEWL_humidity	 ~ t14110_gender + t4_examination_age + t277_BMI + wash + cream + t14558_TEWL_humidity	 ~ t14110_gender + t4_examination_age + t277_BMI + wash + cream
ASV73	18.211799196239127	0.006817307283235586	0.10082329362138472	117.17357321722551	2.630126316511492e-27	4.1029970537579275e-26	t14558_TEWL_humidity	 ~ t14110_gender + t4_examination_age + t277_BMI + wash + cream + t14558_TEWL_humidity	 ~ t14110_gender + t4_examination_age + t277_BMI + wash + cream
ASV10	778.9121602379795	0.07334113646177505	0.21977285874316302	46.667347186974325	8.411903157381795e-12	1.0935474104596334e-10	t14558_TEWL_humidity	 ~ t14110_gender + t4_examination_age + t277_BMI + wash + cream + t14558_TEWL_humidity	 ~ t14110_gender + t4_examination_age + t277_BMI + wash + cream
ASV9	1278.5513728649855	0.06751663661578525	0.2183344188362037	27.559465201657304	1.5233804714462006e-7	1.6974810967543378e-6	t14558_TEWL_humidity	 ~ t14110_gender + t4_examination_age + t277_BMI + wash + cream + t14558_TEWL_humidity	 ~ t14110_gender + t4_examination_age + t277_BMI + wash + cream
ASV598	64.28996633142395	0.045990454685961135	0.22079657717370155	20.951724422702682	4.710036689385043e-6	4.5922857721504165e-5	t14558_TEWL_humidity	 ~ t14110_gender + t4_examination_age + t277_BMI + wash + cream + t14558_TEWL_humidity	 ~ t14110_gender + t4_examination_age + t277_BMI + wash + cream
ASV177	30.27533703660418	0.031401228985785075	0.22046800768899902	17.33578049297961	3.132332017461111e-5	2.7146877484662965e-4	t14558_TEWL_humidity	 ~ t14110_gender + t4_examination_age + t277_BMI + wash + cream + t14558_TEWL_humidity	 ~ t14110_gender + t4_examination_age + t277_BMI + wash + cream
ASV20	203.8018589149553	0.034259603883018595	0.22048952935638153	14.298158479915628	1.5601743384919617e-4	0.00121693598402373	t14558_TEWL_humidity	 ~ t14110_gender + t4_examination_age + t277_BMI + wash + cream + t14558_TEWL_humidity	 ~ t14110_gender + t4_examination_age + t277_BMI + wash + cream
ASV557	51.37198025478931	-0.030403087129205166	0.22108296987328388	13.600003522560542	0.00022618510145098181	0.0016038579921069619	t14558_TEWL_humidity	 ~ t14110_gender + t4_examination_age + t277_BMI + wash + cream + t14558_TEWL_humidity	 ~ t14110_gender + t4_examination_age + t277_BMI + wash + cream
ASV122	35.31757965882334	-0.040281079223761555	0.22045665151540983	13.371044428093	2.5553900967623767e-4	0.001661003562895545	t14558_TEWL_humidity	 ~ t14110_gender + t4_examination_age + t277_BMI + wash + cream + t14558_TEWL_humidity	 ~ t14110_gender + t4_examination_age + t277_BMI + wash + cream
ASV97	34.311150360922106	-0.034809130992697904	0.22039239934648908	12.189076692137405	4.807017024738728e-4	0.002884210214843237	t14558_TEWL_humidity	 ~ t14110_gender + t4_examination_age + t277_BMI + wash + cream + t14558_TEWL_humidity	 ~ t14110_gender + t4_examination_age + t277_BMI + wash + cream
ASV184	289.532833467618	-0.043647734890455876	0.22106381913640402	11.07552860787439	8.747447952000432e-4	0.004873578144685955	t14558_TEWL_humidity	 ~ t14110_gender + t4_examination_age + t277_BMI + wash + cream + t14558_TEWL_humidity	 ~ t14110_gender + t4_examination_age + t277_BMI + wash + cream
ASV109	63.97334149861451	-0.0482180841142472	0.2200472231283745	10.6496640836275	0.0011009089947210445	0.005724726772549432	t14558_TEWL_humidity	 ~ t14110_gender + t4_examination_age + t277_BMI + wash + cream + t14558_TEWL_humidity	 ~ t14110_gender + t4_examination_age + t277_BMI + wash + cream
ASV141	29.190596801083487	0.055909741312655206	0.2204181384430761	9.815646143627987	0.0017303347416978807	0.008435381865777167	t14558_TEWL_humidity	 ~ t14110_gender + t4_examination_age + t277_BMI + wash + cream + t14558_TEWL_humidity	 ~ t14110_gender + t4_examination_age + t277_BMI + wash + cream
ASV100	73.5675694502926	-0.031769903040631174	0.22064429874837266	9.704023530315283	0.001838649965316295	0.008436158664392412	t14558_TEWL_humidity	 ~ t14110_gender + t4_examination_age + t277_BMI + wash + cream + t14558_TEWL_humidity	 ~ t14110_gender + t4_examination_age + t277_BMI + wash + cream
ASV47	24.417762447389876	0.06388467325750452	0.21990328528392286	8.618916164812788	0.0033268974358912264	0.014416555555528647	t14558_TEWL_humidity	 ~ t14110_gender + t4_examination_age + t277_BMI + wash + cream + t14558_TEWL_humidity	 ~ t14110_gender + t4_examination_age + t277_BMI + wash + cream
ASV138	48.549171141856014	-0.06160315487146447	0.22035131996368226	6.562473991650506	0.01041514687589753	0.0427569187536846	t14558_TEWL_humidity	 ~ t14110_gender + t4_examination_age + t277_BMI + wash + cream + t14558_TEWL_humidity	 ~ t14110_gender + t4_examination_age + t277_BMI + wash + cream
ASV52	51.41330466283937	0.10938645259761735	0.21986727494079258	6.227661996709401	0.012576968690198628	0.04905017789177465	t14558_TEWL_humidity	 ~ t14110_gender + t4_examination_age + t277_BMI + wash + cream + t14558_TEWL_humidity	 ~ t14110_gender + t4_examination_age + t277_BMI + wash + cream
ASV604	34.343239458585764	0.014370859105619064	0.22106497488081506	5.703260127854861	0.016933431700378657	0.0628956034585493	t14558_TEWL_humidity	 ~ t14110_gender + t4_examination_age + t277_BMI + wash + cream + t14558_TEWL_humidity	 ~ t14110_gender + t4_examination_age + t277_BMI + wash + cream
ASV43	166.11991815037592	-0.08166316690089134	0.2190495718776157	5.2302862802023355	0.022196878705403662	0.07869802450097663	t14558_TEWL_humidity	 ~ t14110_gender + t4_examination_age + t277_BMI + wash + cream + t14558_TEWL_humidity	 ~ t14110_gender + t4_examination_age + t277_BMI + wash + cream
ASV172	22.817507374574376	-0.023232082859864257	0.22017194463708953	4.833238530864094	0.02791614516013504	0.09467214445611014	t14558_TEWL_humidity	 ~ t14110_gender + t4_examination_age + t277_BMI + wash + cream + t14558_TEWL_humidity	 ~ t14110_gender + t4_examination_age + t277_BMI + wash + cream
ASV69	27.061041543134788	0.053973480799849476	0.13896766694082063	4.207832093999059	0.04023773090475111	0.1307726254404411	t14558_TEWL_humidity	 ~ t14110_gender + t4_examination_age + t277_BMI + wash + cream + t14558_TEWL_humidity	 ~ t14110_gender + t4_examination_age + t277_BMI + wash + cream
ASV64	25.36269749757459	-0.04645263783471924	0.07706226963675457	2.8107360334851137	0.09363540600853743	0.2921424667466368	t14558_TEWL_humidity	 ~ t14110_gender + t4_examination_age + t277_BMI + wash + cream + t14558_TEWL_humidity	 ~ t14110_gender + t4_examination_age + t277_BMI + wash + cream
ASV27	41.67126799533088	-0.012318952024247019	0.21991179759521293	2.374799693925752	0.1233074133399656	0.348829297934021	t14558_TEWL_humidity	 ~ t14110_gender + t4_examination_age + t277_BMI + wash + cream + t14558_TEWL_humidity	 ~ t14110_gender + t4_examination_age + t277_BMI + wash + cream
ASV145	111.24197623405252	0.01184715058337352	0.22064873547026628	2.350774579238589	0.12522077361734088	0.348829297934021	t14558_TEWL_humidity	 ~ t14110_gender + t4_examination_age + t277_BMI + wash + cream + t14558_TEWL_humidity	 ~ t14110_gender + t4_examination_age + t277_BMI + wash + cream
ASV558	101.76176539730974	-0.04927738641968981	0.221061088300261	2.3688040283685154	0.12378185019556372	0.348829297934021	t14558_TEWL_humidity	 ~ t14110_gender + t4_examination_age + t277_BMI + wash + cream + t14558_TEWL_humidity	 ~ t14110_gender + t4_examination_age + t277_BMI + wash + cream
ASV14	139.1086392278231	-0.08966899064352386	0.06273031582320852	2.044832311146706	0.1527238120128031	0.41077439093098767	t14558_TEWL_humidity	 ~ t14110_gender + t4_examination_age + t277_BMI + wash + cream + t14558_TEWL_humidity	 ~ t14110_gender + t4_examination_age + t277_BMI + wash + cream
ASV28	99.21362738676662	-0.06397862018533372	0.1757559672936037	1.819895429762937	0.17732572453661882	0.46032421375799143	t14558_TEWL_humidity	 ~ t14110_gender + t4_examination_age + t277_BMI + wash + cream + t14558_TEWL_humidity	 ~ t14110_gender + t4_examination_age + t277_BMI + wash + cream
ASV107	35.3288331439224	0.043778129587127776	0.21990234112735255	1.7735012311858327	0.1829493670063812	0.46032421375799143	t14558_TEWL_humidity	 ~ t14110_gender + t4_examination_age + t277_BMI + wash + cream + t14558_TEWL_humidity	 ~ t14110_gender + t4_examination_age + t277_BMI + wash + cream
ASV24	133.22321415218477	0.05720298750020934	0.21874624577833812	1.602001597692606	0.20561978567747297	0.47321964580503156	t14558_TEWL_humidity	 ~ t14110_gender + t4_examination_age + t277_BMI + wash + cream + t14558_TEWL_humidity	 ~ t14110_gender + t4_examination_age + t277_BMI + wash + cream
ASV39	51.271039307450465	-0.06231961301847795	0.2198870427736131	1.5973776638558093	0.20627523022270608	0.47321964580503156	t14558_TEWL_humidity	 ~ t14110_gender + t4_examination_age + t277_BMI + wash + cream + t14558_TEWL_humidity	 ~ t14110_gender + t4_examination_age + t277_BMI + wash + cream
ASV49	40.51887937440181	-0.030140506440056832	0.21975698316995634	1.6681130460031568	0.1965114671098192	0.47321964580503156	t14558_TEWL_humidity	 ~ t14110_gender + t4_examination_age + t277_BMI + wash + cream + t14558_TEWL_humidity	 ~ t14110_gender + t4_examination_age + t277_BMI + wash + cream
ASV1	12204.410092363536	0.04141909179321062	0.028013805318803264	1.4469916303871742	0.22901128492399467	0.5103680064020453	t14558_TEWL_humidity	 ~ t14110_gender + t4_examination_age + t277_BMI + wash + cream + t14558_TEWL_humidity	 ~ t14110_gender + t4_examination_age + t277_BMI + wash + cream
ASV497	40.898653583573996	-0.0023625659399468526	0.22088770097662733	0.9450366380960702	0.3309859044516812	0.7171361263119759	t14558_TEWL_humidity	 ~ t14110_gender + t4_examination_age + t277_BMI + wash + cream + t14558_TEWL_humidity	 ~ t14110_gender + t4_examination_age + t277_BMI + wash + cream
ASV66	44.48487003207265	-0.05065985535150824	0.22057163436725316	0.7583573397494661	0.3838430783198128	0.8091827056471729	t14558_TEWL_humidity	 ~ t14110_gender + t4_examination_age + t277_BMI + wash + cream + t14558_TEWL_humidity	 ~ t14110_gender + t4_examination_age + t277_BMI + wash + cream
ASV8	186.9572053625941	0.037746230394914905	0.054889826596776	0.5017296076174489	0.47874113190187756	0.9574822638037551	t14558_TEWL_humidity	 ~ t14110_gender + t4_examination_age + t277_BMI + wash + cream + t14558_TEWL_humidity	 ~ t14110_gender + t4_examination_age + t277_BMI + wash + cream
ASV31	66.36861630675395	-0.018419799223290293	0.16150197574023537	0.5265780165486831	0.4680490960612112	0.9574822638037551	t14558_TEWL_humidity	 ~ t14110_gender + t4_examination_age + t277_BMI + wash + cream + t14558_TEWL_humidity	 ~ t14110_gender + t4_examination_age + t277_BMI + wash + cream
ASV2	1271.1396965196373	0.010300615803329772	0.03197063096840044	0.06381582783410522	0.8005634589981893	1	t14558_TEWL_humidity	 ~ t14110_gender + t4_examination_age + t277_BMI + wash + cream + t14558_TEWL_humidity	 ~ t14110_gender + t4_examination_age + t277_BMI + wash + cream
ASV3	454.113733676608	0.008681564332646554	0.0315263492314296	0.045383590176129474	0.8313002509074938	1	t14558_TEWL_humidity	 ~ t14110_gender + t4_examination_age + t277_BMI + wash + cream + t14558_TEWL_humidity	 ~ t14110_gender + t4_examination_age + t277_BMI + wash + cream
ASV4	70.92991004827613	0.06402797894425007	0.06971023286026021	0.31286322148991985	0.575928490010555	1	t14558_TEWL_humidity	 ~ t14110_gender + t4_examination_age + t277_BMI + wash + cream + t14558_TEWL_humidity	 ~ t14110_gender + t4_examination_age + t277_BMI + wash + cream
ASV6	598.7921069680549	-0.08626037860167501	0.12653006512495102	-0.442255071585123	1	1	t14558_TEWL_humidity	 ~ t14110_gender + t4_examination_age + t277_BMI + wash + cream + t14558_TEWL_humidity	 ~ t14110_gender + t4_examination_age + t277_BMI + wash + cream
ASV11	1552.5057762348831	-0.0859787587850396	0.2190543462647359	-49.338156080518274	1	1	t14558_TEWL_humidity	 ~ t14110_gender + t4_examination_age + t277_BMI + wash + cream + t14558_TEWL_humidity	 ~ t14110_gender + t4_examination_age + t277_BMI + wash + cream
ASV13	120.96814244655761	0.03932527124937998	0.21945594838535215	-1.1383754037442486	1	1	t14558_TEWL_humidity	 ~ t14110_gender + t4_examination_age + t277_BMI + wash + cream + t14558_TEWL_humidity	 ~ t14110_gender + t4_examination_age + t277_BMI + wash + cream
ASV16	29.929332311605428	0.011444903336696321	0.22057884008157247	-0.5453384774623657	1	1	t14558_TEWL_humidity	 ~ t14110_gender + t4_examination_age + t277_BMI + wash + cream + t14558_TEWL_humidity	 ~ t14110_gender + t4_examination_age + t277_BMI + wash + cream
ASV18	52.55477139167593	-0.016711041082126232	0.2196011679134442	-3.160486253909653	1	1	t14558_TEWL_humidity	 ~ t14110_gender + t4_examination_age + t277_BMI + wash + cream + t14558_TEWL_humidity	 ~ t14110_gender + t4_examination_age + t277_BMI + wash + cream
ASV19	70.75355250033849	-0.042652713283779	0.1650804411864027	-1.9717883573035806	1	1	t14558_TEWL_humidity	 ~ t14110_gender + t4_examination_age + t277_BMI + wash + cream + t14558_TEWL_humidity	 ~ t14110_gender + t4_examination_age + t277_BMI + wash + cream
ASV23	142.5441206706217	-0.007147885923217352	0.12450385489226264	-0.37178041694608055	1	1	t14558_TEWL_humidity	 ~ t14110_gender + t4_examination_age + t277_BMI + wash + cream + t14558_TEWL_humidity	 ~ t14110_gender + t4_examination_age + t277_BMI + wash + cream
ASV26	40.58680319119994	0.003073527260173982	0.19333399887550254	-43.80332378638309	1	1	t14558_TEWL_humidity	 ~ t14110_gender + t4_examination_age + t277_BMI + wash + cream + t14558_TEWL_humidity	 ~ t14110_gender + t4_examination_age + t277_BMI + wash + cream
ASV29	65.80287135387057	0.044826560961821756	0.2194688828216603	0.2433328013944447	0.6218092848409718	1	t14558_TEWL_humidity	 ~ t14110_gender + t4_examination_age + t277_BMI + wash + cream + t14558_TEWL_humidity	 ~ t14110_gender + t4_examination_age + t277_BMI + wash + cream
ASV30	57.5583668695481	0.004076306418939943	0.2195911262178193	-0.8855929534840925	1	1	t14558_TEWL_humidity	 ~ t14110_gender + t4_examination_age + t277_BMI + wash + cream + t14558_TEWL_humidity	 ~ t14110_gender + t4_examination_age + t277_BMI + wash + cream
ASV32	56.44235935429701	0.03482817839894901	0.13836787770938455	-61.240048583207795	1	1	t14558_TEWL_humidity	 ~ t14110_gender + t4_examination_age + t277_BMI + wash + cream + t14558_TEWL_humidity	 ~ t14110_gender + t4_examination_age + t277_BMI + wash + cream
ASV34	79.27867370378709	0.058325269916214145	0.2193897358942185	-10.904197127784187	1	1	t14558_TEWL_humidity	 ~ t14110_gender + t4_examination_age + t277_BMI + wash + cream + t14558_TEWL_humidity	 ~ t14110_gender + t4_examination_age + t277_BMI + wash + cream
ASV35	174.93977695508605	-0.08755801311861196	0.2189238413359701	-0.8973407429509734	1	1	t14558_TEWL_humidity	 ~ t14110_gender + t4_examination_age + t277_BMI + wash + cream + t14558_TEWL_humidity	 ~ t14110_gender + t4_examination_age + t277_BMI + wash + cream
ASV38	84.47560964582075	-0.04535543030334065	0.07664941835792584	-492.64931095928785	1	1	t14558_TEWL_humidity	 ~ t14110_gender + t4_examination_age + t277_BMI + wash + cream + t14558_TEWL_humidity	 ~ t14110_gender + t4_examination_age + t277_BMI + wash + cream
ASV41	23.491934622741855	0.027826907264578562	0.22050157205171936	0.051081232251561914	0.8211924173219468	1	t14558_TEWL_humidity	 ~ t14110_gender + t4_examination_age + t277_BMI + wash + cream + t14558_TEWL_humidity	 ~ t14110_gender + t4_examination_age + t277_BMI + wash + cream
ASV44	36.693562640443545	0.06793471727670565	0.19552438454390844	-36.70825726006268	1	1	t14558_TEWL_humidity	 ~ t14110_gender + t4_examination_age + t277_BMI + wash + cream + t14558_TEWL_humidity	 ~ t14110_gender + t4_examination_age + t277_BMI + wash + cream
ASV45	78.2737215334747	0.006435207180705497	0.15982717280494135	0.0011553547906260064	0.972884718011473	1	t14558_TEWL_humidity	 ~ t14110_gender + t4_examination_age + t277_BMI + wash + cream + t14558_TEWL_humidity	 ~ t14110_gender + t4_examination_age + t277_BMI + wash + cream
ASV50	42.16754037768302	0.0391739262145137	0.1951703226854933	-44.76511365359477	1	1	t14558_TEWL_humidity	 ~ t14110_gender + t4_examination_age + t277_BMI + wash + cream + t14558_TEWL_humidity	 ~ t14110_gender + t4_examination_age + t277_BMI + wash + cream
ASV54	42.20220504108869	0.06619300736522198	0.21927931538140932	-46.05710719075279	1	1	t14558_TEWL_humidity	 ~ t14110_gender + t4_examination_age + t277_BMI + wash + cream + t14558_TEWL_humidity	 ~ t14110_gender + t4_examination_age + t277_BMI + wash + cream
ASV55	93.2872070193516	-0.152607869457616	0.2192472116200037	-71.73424861316175	1	1	t14558_TEWL_humidity	 ~ t14110_gender + t4_examination_age + t277_BMI + wash + cream + t14558_TEWL_humidity	 ~ t14110_gender + t4_examination_age + t277_BMI + wash + cream
ASV57	82.93912502760725	0.12621628783587738	0.20602428073733428	-1.3740550785754522	1	1	t14558_TEWL_humidity	 ~ t14110_gender + t4_examination_age + t277_BMI + wash + cream + t14558_TEWL_humidity	 ~ t14110_gender + t4_examination_age + t277_BMI + wash + cream
ASV59	21.895547017166493	0.016790425609520366	0.21420048918061246	-0.20015347165616504	1	1	t14558_TEWL_humidity	 ~ t14110_gender + t4_examination_age + t277_BMI + wash + cream + t14558_TEWL_humidity	 ~ t14110_gender + t4_examination_age + t277_BMI + wash + cream
ASV74	26.143062720410683	0.046782621656125664	0.21979750938359238	-33.268433869881505	1	1	t14558_TEWL_humidity	 ~ t14110_gender + t4_examination_age + t277_BMI + wash + cream + t14558_TEWL_humidity	 ~ t14110_gender + t4_examination_age + t277_BMI + wash + cream
ASV75	43.899025964320344	-0.0024009257733673493	0.21979437531719984	-0.08036176700204578	1	1	t14558_TEWL_humidity	 ~ t14110_gender + t4_examination_age + t277_BMI + wash + cream + t14558_TEWL_humidity	 ~ t14110_gender + t4_examination_age + t277_BMI + wash + cream
ASV77	137.45412718857068	0.00586283927227009	0.2206350173934621	-5.488966321819589	1	1	t14558_TEWL_humidity	 ~ t14110_gender + t4_examination_age + t277_BMI + wash + cream + t14558_TEWL_humidity	 ~ t14110_gender + t4_examination_age + t277_BMI + wash + cream
ASV84	24.910663759043945	0.025965294299030717	0.22035407858249614	-2.5977676035060426	1	1	t14558_TEWL_humidity	 ~ t14110_gender + t4_examination_age + t277_BMI + wash + cream + t14558_TEWL_humidity	 ~ t14110_gender + t4_examination_age + t277_BMI + wash + cream
ASV87	48.254445864617075	0.0034431787825971558	0.22017490684508362	0.020475285190570958	0.8862176203420619	1	t14558_TEWL_humidity	 ~ t14110_gender + t4_examination_age + t277_BMI + wash + cream + t14558_TEWL_humidity	 ~ t14110_gender + t4_examination_age + t277_BMI + wash + cream
ASV88	33.89913655604035	0.004186797467227303	0.22085001482059785	-0.9087718358282473	1	1	t14558_TEWL_humidity	 ~ t14110_gender + t4_examination_age + t277_BMI + wash + cream + t14558_TEWL_humidity	 ~ t14110_gender + t4_examination_age + t277_BMI + wash + cream
ASV89	23.64819969269604	0.012280884026409256	0.21997400188522387	-0.463277964753388	1	1	t14558_TEWL_humidity	 ~ t14110_gender + t4_examination_age + t277_BMI + wash + cream + t14558_TEWL_humidity	 ~ t14110_gender + t4_examination_age + t277_BMI + wash + cream
ASV111	64.9645967999145	0.013330024516244408	0.2207011537676042	-8.172065977506463	1	1	t14558_TEWL_humidity	 ~ t14110_gender + t4_examination_age + t277_BMI + wash + cream + t14558_TEWL_humidity	 ~ t14110_gender + t4_examination_age + t277_BMI + wash + cream
ASV129	50.401808437428905	-0.02724232588235695	0.22085526222145538	-1.0128998285379112	1	1	t14558_TEWL_humidity	 ~ t14110_gender + t4_examination_age + t277_BMI + wash + cream + t14558_TEWL_humidity	 ~ t14110_gender + t4_examination_age + t277_BMI + wash + cream
ASV137	21.776571453384033	-1.0505099066228707e-4	0.22080796199088626	-0.023248666772389015	1	1	t14558_TEWL_humidity	 ~ t14110_gender + t4_examination_age + t277_BMI + wash + cream + t14558_TEWL_humidity	 ~ t14110_gender + t4_examination_age + t277_BMI + wash + cream
ASV267	105.30043449222343	-0.0027614626954268703	0.221059354617203	-0.024489536116902855	1	1	t14558_TEWL_humidity	 ~ t14110_gender + t4_examination_age + t277_BMI + wash + cream + t14558_TEWL_humidity	 ~ t14110_gender + t4_examination_age + t277_BMI + wash + cream
ASV445	154.72422937788355	0.013121128300383917	0.22099916991859658	-0.00899140596095549	1	1	t14558_TEWL_humidity	 ~ t14110_gender + t4_examination_age + t277_BMI + wash + cream + t14558_TEWL_humidity	 ~ t14110_gender + t4_examination_age + t277_BMI + wash + cream
ASV500	29.874134207453444	0.02663601124571462	0.22096541820733326	-0.0254749619032566	1	1	t14558_TEWL_humidity	 ~ t14110_gender + t4_examination_age + t277_BMI + wash + cream + t14558_TEWL_humidity	 ~ t14110_gender + t4_examination_age + t277_BMI + wash + cream
ASV838	29.466662043563574	-0.0022238947753062547	0.22109034317382398	0.0021741499233769446	0.9628098903910652	1	t14558_TEWL_humidity	 ~ t14110_gender + t4_examination_age + t277_BMI + wash + cream + t14558_TEWL_humidity	 ~ t14110_gender + t4_examination_age + t277_BMI + wash + cream
ASV35	174.93977695508605	0.17303974464699715	0.28449237643337266	307.62936687788624	7.172283695935263e-69	5.594381282829505e-67	t14559_TEWL_temperature	 ~ t14110_gender + t4_examination_age + t277_BMI + wash + cream + t14559_TEWL_temperature	 ~ t14110_gender + t4_examination_age + t277_BMI + wash + cream
ASV20	203.8018589149553	0.3996506660822446	0.7018268536639135	269.0243646260861	1.851595553891837e-60	7.221222660178165e-59	t14559_TEWL_temperature	 ~ t14110_gender + t4_examination_age + t277_BMI + wash + cream + t14559_TEWL_temperature	 ~ t14110_gender + t4_examination_age + t277_BMI + wash + cream
ASV25	337.4637067808601	-0.18169236482411985	0.7029943176571766	177.2578945473265	1.9237918894858517e-40	5.001858912663215e-39	t14559_TEWL_temperature	 ~ t14110_gender + t4_examination_age + t277_BMI + wash + cream + t14559_TEWL_temperature	 ~ t14110_gender + t4_examination_age + t277_BMI + wash + cream
ASV9	1278.5513728649855	0.30868274742010404	0.69630992663169	76.7797435384523	1.911279592095573e-18	3.726995204586367e-17	t14559_TEWL_temperature	 ~ t14110_gender + t4_examination_age + t277_BMI + wash + cream + t14559_TEWL_temperature	 ~ t14110_gender + t4_examination_age + t277_BMI + wash + cream
ASV34	79.27867370378709	0.20804451852058298	0.7000493507848555	29.279885727092847	6.26425766017147e-8	9.772241949867492e-7	t14559_TEWL_temperature	 ~ t14110_gender + t4_examination_age + t277_BMI + wash + cream + t14559_TEWL_temperature	 ~ t14110_gender + t4_examination_age + t277_BMI + wash + cream
ASV184	289.532833467618	-0.21710988107808665	0.7039919277898227	26.320302409568058	2.892321979829437e-7	3.2228730632385155e-6	t14559_TEWL_temperature	 ~ t14110_gender + t4_examination_age + t277_BMI + wash + cream + t14559_TEWL_temperature	 ~ t14110_gender + t4_examination_age + t277_BMI + wash + cream
ASV497	40.898653583573996	-0.1378481740413967	0.7042140222692727	26.432978170549518	2.728422264859005e-7	3.2228730632385155e-6	t14559_TEWL_temperature	 ~ t14110_gender + t4_examination_age + t277_BMI + wash + cream + t14559_TEWL_temperature	 ~ t14110_gender + t4_examination_age + t277_BMI + wash + cream
ASV77	137.45412718857068	0.07958607582838237	0.7040548934078475	21.85496361845435	2.940549562737658e-6	2.8670358236692167e-5	t14559_TEWL_temperature	 ~ t14110_gender + t4_examination_age + t277_BMI + wash + cream + t14559_TEWL_temperature	 ~ t14110_gender + t4_examination_age + t277_BMI + wash + cream
ASV16	29.929332311605428	0.2796679326045142	0.7030077666487188	20.119195311472254	7.276273379604573e-6	6.306103595657296e-5	t14559_TEWL_temperature	 ~ t14110_gender + t4_examination_age + t277_BMI + wash + cream + t14559_TEWL_temperature	 ~ t14110_gender + t4_examination_age + t277_BMI + wash + cream
ASV838	29.466662043563574	0.13436625767957297	0.7042292908914632	17.20038754427759	3.363677273880746e-5	2.623668273626982e-4	t14559_TEWL_temperature	 ~ t14110_gender + t4_examination_age + t277_BMI + wash + cream + t14559_TEWL_temperature	 ~ t14110_gender + t4_examination_age + t277_BMI + wash + cream
ASV87	48.254445864617075	0.11869384267253673	0.7024612969277798	16.016528671418428	6.279189551581748e-5	4.4525162274852394e-4	t14559_TEWL_temperature	 ~ t14110_gender + t4_examination_age + t277_BMI + wash + cream + t14559_TEWL_temperature	 ~ t14110_gender + t4_examination_age + t277_BMI + wash + cream
ASV7	1208.2821130348975	-0.11442720771792572	0.6982069730239115	13.030499818914905	3.0645874781286964e-4	0.0019919818607836526	t14559_TEWL_temperature	 ~ t14110_gender + t4_examination_age + t277_BMI + wash + cream + t14559_TEWL_temperature	 ~ t14110_gender + t4_examination_age + t277_BMI + wash + cream
ASV604	34.343239458585764	-0.0662366826167213	0.7045714389587927	11.687372338903486	6.292570257230911e-4	0.003775542154338547	t14559_TEWL_temperature	 ~ t14110_gender + t4_examination_age + t277_BMI + wash + cream + t14559_TEWL_temperature	 ~ t14110_gender + t4_examination_age + t277_BMI + wash + cream
ASV100	73.5675694502926	-0.053821931504228523	0.7034776912820763	8.061177015106466	0.004522379542739379	0.02519611459526225	t14559_TEWL_temperature	 ~ t14110_gender + t4_examination_age + t277_BMI + wash + cream + t14559_TEWL_temperature	 ~ t14110_gender + t4_examination_age + t277_BMI + wash + cream
ASV47	24.417762447389876	0.13355585999363195	0.7013191376459168	6.254591712721151	0.012387179513315269	0.0644133334692394	t14559_TEWL_temperature	 ~ t14110_gender + t4_examination_age + t277_BMI + wash + cream + t14559_TEWL_temperature	 ~ t14110_gender + t4_examination_age + t277_BMI + wash + cream
ASV73	18.211799196239127	0.3893375607170269	0.6027592245240766	4.62479194004834	0.03151308307040424	0.15362627996822067	t14559_TEWL_temperature	 ~ t14110_gender + t4_examination_age + t277_BMI + wash + cream + t14559_TEWL_temperature	 ~ t14110_gender + t4_examination_age + t277_BMI + wash + cream
ASV36	118.72867237552677	0.22969573734272858	0.676762966178013	4.150188337986378	0.04162989327467385	0.1910077456132094	t14559_TEWL_temperature	 ~ t14110_gender + t4_examination_age + t277_BMI + wash + cream + t14559_TEWL_temperature	 ~ t14110_gender + t4_examination_age + t277_BMI + wash + cream
ASV107	35.3288331439224	0.10696972816590307	0.7012420214454015	3.8345210928792994	0.0502073322457439	0.21756510639822355	t14559_TEWL_temperature	 ~ t14110_gender + t4_examination_age + t277_BMI + wash + cream + t14559_TEWL_temperature	 ~ t14110_gender + t4_examination_age + t277_BMI + wash + cream
ASV69	27.061041543134788	0.16297523699074895	0.44515688033926454	3.3156888674704987	0.0686215558355126	0.2817095450089465	t14559_TEWL_temperature	 ~ t14110_gender + t4_examination_age + t277_BMI + wash + cream + t14559_TEWL_temperature	 ~ t14110_gender + t4_examination_age + t277_BMI + wash + cream
ASV24	133.22321415218477	0.2846600159691592	0.6967972247627648	2.6421752368542	0.10406097646947673	0.36501959448148213	t14559_TEWL_temperature	 ~ t14110_gender + t4_examination_age + t277_BMI + wash + cream + t14559_TEWL_temperature	 ~ t14110_gender + t4_examination_age + t277_BMI + wash + cream
ASV29	65.80287135387057	0.23051286877940014	0.6992894966175592	2.6947516734808232	0.10067917386325353	0.36501959448148213	t14559_TEWL_temperature	 ~ t14110_gender + t4_examination_age + t277_BMI + wash + cream + t14559_TEWL_temperature	 ~ t14110_gender + t4_examination_age + t277_BMI + wash + cream
ASV75	43.899025964320344	0.03885386015642113	0.7002339349818183	2.588621398374869	0.10763398298812935	0.36501959448148213	t14559_TEWL_temperature	 ~ t14110_gender + t4_examination_age + t277_BMI + wash + cream + t14559_TEWL_temperature	 ~ t14110_gender + t4_examination_age + t277_BMI + wash + cream
ASV557	51.37198025478931	0.06650475896131557	0.7039307792043303	2.5911084856687694	0.10746510207375637	0.36501959448148213	t14559_TEWL_temperature	 ~ t14110_gender + t4_examination_age + t277_BMI + wash + cream + t14559_TEWL_temperature	 ~ t14110_gender + t4_examination_age + t277_BMI + wash + cream
ASV45	78.2737215334747	0.10231999891428499	0.5113710018430511	2.103447932669269	0.1469673988178039	0.4585382843115482	t14559_TEWL_temperature	 ~ t14110_gender + t4_examination_age + t277_BMI + wash + cream + t14559_TEWL_temperature	 ~ t14110_gender + t4_examination_age + t277_BMI + wash + cream
ASV109	63.97334149861451	-0.05152298630988207	0.7008916269098294	2.1658423636552016	0.14110727956425884	0.4585382843115482	t14559_TEWL_temperature	 ~ t14110_gender + t4_examination_age + t277_BMI + wash + cream + t14559_TEWL_temperature	 ~ t14110_gender + t4_examination_age + t277_BMI + wash + cream
ASV57	82.93912502760725	-0.08242893749491634	0.6552586934842844	2.0322667029732884	0.15399079119000783	0.4619723735700235	t14559_TEWL_temperature	 ~ t14110_gender + t4_examination_age + t277_BMI + wash + cream + t14559_TEWL_temperature	 ~ t14110_gender + t4_examination_age + t277_BMI + wash + cream
ASV19	70.75355250033849	0.20191434908190747	0.5188615108220385	1.9721233010701553	0.16022266579589872	0.4628654789659296	t14559_TEWL_temperature	 ~ t14110_gender + t4_examination_age + t277_BMI + wash + cream + t14559_TEWL_temperature	 ~ t14110_gender + t4_examination_age + t277_BMI + wash + cream
ASV111	64.9645967999145	-0.012503526406027638	0.7038970162371602	1.4714621796775873	0.2251151363310226	0.6271064512078486	t14559_TEWL_temperature	 ~ t14110_gender + t4_examination_age + t277_BMI + wash + cream + t14559_TEWL_temperature	 ~ t14110_gender + t4_examination_age + t277_BMI + wash + cream
ASV138	48.549171141856014	0.09913625352152958	0.7020872913632094	1.2790948694412236	0.2580673968439163	0.6941123087526024	t14559_TEWL_temperature	 ~ t14110_gender + t4_examination_age + t277_BMI + wash + cream + t14559_TEWL_temperature	 ~ t14110_gender + t4_examination_age + t277_BMI + wash + cream
ASV49	40.51887937440181	0.06742092492817932	0.6998473670842329	1.1217331582487873	0.2895455660267112	0.7087856997209819	t14559_TEWL_temperature	 ~ t14110_gender + t4_examination_age + t277_BMI + wash + cream + t14559_TEWL_temperature	 ~ t14110_gender + t4_examination_age + t277_BMI + wash + cream
ASV129	50.401808437428905	0.060281304747185696	0.7044257392417824	1.1442041714833522	0.2847657144814939	0.7087856997209819	t14559_TEWL_temperature	 ~ t14110_gender + t4_examination_age + t277_BMI + wash + cream + t14559_TEWL_temperature	 ~ t14110_gender + t4_examination_age + t277_BMI + wash + cream
ASV172	22.817507374574376	0.11093270850037167	0.7020625696876265	1.1159884974417764	0.29078387680860796	0.7087856997209819	t14559_TEWL_temperature	 ~ t14110_gender + t4_examination_age + t277_BMI + wash + cream + t14559_TEWL_temperature	 ~ t14110_gender + t4_examination_age + t277_BMI + wash + cream
ASV18	52.55477139167593	-0.15984827318336298	0.7012918790573301	0.9567536219267367	0.3280061579472954	0.77528728242088	t14559_TEWL_temperature	 ~ t14110_gender + t4_examination_age + t277_BMI + wash + cream + t14559_TEWL_temperature	 ~ t14110_gender + t4_examination_age + t277_BMI + wash + cream
ASV66	44.48487003207265	0.1338468455657698	0.701752179653011	0.6183508665822615	0.4316607751454877	0.990280601804354	t14559_TEWL_temperature	 ~ t14110_gender + t4_examination_age + t277_BMI + wash + cream + t14559_TEWL_temperature	 ~ t14110_gender + t4_examination_age + t277_BMI + wash + cream
ASV1	12204.410092363536	-0.002002510785886483	0.09004800030745812	3.632596833540447e-4	0.9847937415177632	1	t14559_TEWL_temperature	 ~ t14110_gender + t4_examination_age + t277_BMI + wash + cream + t14559_TEWL_temperature	 ~ t14110_gender + t4_examination_age + t277_BMI + wash + cream
ASV2	1271.1396965196373	0.05617288582844003	0.10160416463976629	0.2455250377545326	0.6202438125886627	1	t14559_TEWL_temperature	 ~ t14110_gender + t4_examination_age + t277_BMI + wash + cream + t14559_TEWL_temperature	 ~ t14110_gender + t4_examination_age + t277_BMI + wash + cream
ASV3	454.113733676608	0.02435173222090821	0.10040293409845386	-0.18810382311721696	1	1	t14559_TEWL_temperature	 ~ t14110_gender + t4_examination_age + t277_BMI + wash + cream + t14559_TEWL_temperature	 ~ t14110_gender + t4_examination_age + t277_BMI + wash + cream
ASV4	70.92991004827613	0.21179562179668007	0.5018458312742156	-57.48273401855738	1	1	t14559_TEWL_temperature	 ~ t14110_gender + t4_examination_age + t277_BMI + wash + cream + t14559_TEWL_temperature	 ~ t14110_gender + t4_examination_age + t277_BMI + wash + cream
ASV5	2061.5136807797385	-0.1260165963552309	0.6967542812511422	-37.89164215259598	1	1	t14559_TEWL_temperature	 ~ t14110_gender + t4_examination_age + t277_BMI + wash + cream + t14559_TEWL_temperature	 ~ t14110_gender + t4_examination_age + t277_BMI + wash + cream
ASV6	598.7921069680549	0.08753312585640459	0.40511058629657565	-1.76218747088069	1	1	t14559_TEWL_temperature	 ~ t14110_gender + t4_examination_age + t277_BMI + wash + cream + t14559_TEWL_temperature	 ~ t14110_gender + t4_examination_age + t277_BMI + wash + cream
ASV8	186.9572053625941	0.1155151265782391	0.17564178929934196	0.2896756772823892	0.5904284388625027	1	t14559_TEWL_temperature	 ~ t14110_gender + t4_examination_age + t277_BMI + wash + cream + t14559_TEWL_temperature	 ~ t14110_gender + t4_examination_age + t277_BMI + wash + cream
ASV10	778.9121602379795	-0.04728854627069384	0.7002314842342108	-12.914942385006839	1	1	t14559_TEWL_temperature	 ~ t14110_gender + t4_examination_age + t277_BMI + wash + cream + t14559_TEWL_temperature	 ~ t14110_gender + t4_examination_age + t277_BMI + wash + cream
ASV11	1552.5057762348831	-0.04625155944352592	0.6984778645465383	-8.950764029654238	1	1	t14559_TEWL_temperature	 ~ t14110_gender + t4_examination_age + t277_BMI + wash + cream + t14559_TEWL_temperature	 ~ t14110_gender + t4_examination_age + t277_BMI + wash + cream
ASV13	120.96814244655761	0.2334570643118962	0.7002461436286842	-6.9857833419220015	1	1	t14559_TEWL_temperature	 ~ t14110_gender + t4_examination_age + t277_BMI + wash + cream + t14559_TEWL_temperature	 ~ t14110_gender + t4_examination_age + t277_BMI + wash + cream
ASV14	139.1086392278231	0.46313285653659925	0.5291673934607481	-73.33339472425348	1	1	t14559_TEWL_temperature	 ~ t14110_gender + t4_examination_age + t277_BMI + wash + cream + t14559_TEWL_temperature	 ~ t14110_gender + t4_examination_age + t277_BMI + wash + cream
ASV23	142.5441206706217	0.08949550366630009	0.4002722479594401	-0.4580224803233932	1	1	t14559_TEWL_temperature	 ~ t14110_gender + t4_examination_age + t277_BMI + wash + cream + t14559_TEWL_temperature	 ~ t14110_gender + t4_examination_age + t277_BMI + wash + cream
ASV26	40.58680319119994	0.17134259288651804	0.6189301440265921	-44.44429337954807	1	1	t14559_TEWL_temperature	 ~ t14110_gender + t4_examination_age + t277_BMI + wash + cream + t14559_TEWL_temperature	 ~ t14110_gender + t4_examination_age + t277_BMI + wash + cream
ASV27	41.67126799533088	0.12409196512842934	0.7024553097308917	-5.270216634565543	1	1	t14559_TEWL_temperature	 ~ t14110_gender + t4_examination_age + t277_BMI + wash + cream + t14559_TEWL_temperature	 ~ t14110_gender + t4_examination_age + t277_BMI + wash + cream
ASV28	99.21362738676662	0.10092863946191047	0.5784008821423231	0.2316910679838884	0.6302727522476995	1	t14559_TEWL_temperature	 ~ t14110_gender + t4_examination_age + t277_BMI + wash + cream + t14559_TEWL_temperature	 ~ t14110_gender + t4_examination_age + t277_BMI + wash + cream
ASV30	57.5583668695481	0.23684038345739494	0.7003233412651537	-8.711945924945383	1	1	t14559_TEWL_temperature	 ~ t14110_gender + t4_examination_age + t277_BMI + wash + cream + t14559_TEWL_temperature	 ~ t14110_gender + t4_examination_age + t277_BMI + wash + cream
ASV31	66.36861630675395	0.09625487167384206	0.527959689620138	-0.9165946150624222	1	1	t14559_TEWL_temperature	 ~ t14110_gender + t4_examination_age + t277_BMI + wash + cream + t14559_TEWL_temperature	 ~ t14110_gender + t4_examination_age + t277_BMI + wash + cream
ASV32	56.44235935429701	0.09493684703386462	0.4362881229551931	-59.81794176335973	1	1	t14559_TEWL_temperature	 ~ t14110_gender + t4_examination_age + t277_BMI + wash + cream + t14559_TEWL_temperature	 ~ t14110_gender + t4_examination_age + t277_BMI + wash + cream
ASV38	84.47560964582075	0.2724807228580754	0.616985771463927	-65.50133120114378	1	1	t14559_TEWL_temperature	 ~ t14110_gender + t4_examination_age + t277_BMI + wash + cream + t14559_TEWL_temperature	 ~ t14110_gender + t4_examination_age + t277_BMI + wash + cream
ASV39	51.271039307450465	-0.05944061532092593	0.7014570603829078	-0.28653540968161906	1	1	t14559_TEWL_temperature	 ~ t14110_gender + t4_examination_age + t277_BMI + wash + cream + t14559_TEWL_temperature	 ~ t14110_gender + t4_examination_age + t277_BMI + wash + cream
ASV41	23.491934622741855	0.015279274715481	0.7031325862466151	-1.0040712364131537	1	1	t14559_TEWL_temperature	 ~ t14110_gender + t4_examination_age + t277_BMI + wash + cream + t14559_TEWL_temperature	 ~ t14110_gender + t4_examination_age + t277_BMI + wash + cream
ASV43	166.11991815037592	0.06600291919312586	0.698328202339788	-0.08193716630842118	1	1	t14559_TEWL_temperature	 ~ t14110_gender + t4_examination_age + t277_BMI + wash + cream + t14559_TEWL_temperature	 ~ t14110_gender + t4_examination_age + t277_BMI + wash + cream
ASV44	36.693562640443545	0.13031724538101966	0.618194798811947	-36.854463126558244	1	1	t14559_TEWL_temperature	 ~ t14110_gender + t4_examination_age + t277_BMI + wash + cream + t14559_TEWL_temperature	 ~ t14110_gender + t4_examination_age + t277_BMI + wash + cream
ASV50	42.16754037768302	0.3089875049006283	0.6116943013897927	-44.52901975630709	1	1	t14559_TEWL_temperature	 ~ t14110_gender + t4_examination_age + t277_BMI + wash + cream + t14559_TEWL_temperature	 ~ t14110_gender + t4_examination_age + t277_BMI + wash + cream
ASV52	51.41330466283937	0.044654493126821564	0.701299158534039	-3.273089599004095	1	1	t14559_TEWL_temperature	 ~ t14110_gender + t4_examination_age + t277_BMI + wash + cream + t14559_TEWL_temperature	 ~ t14110_gender + t4_examination_age + t277_BMI + wash + cream
ASV54	42.20220504108869	0.3320085141597566	0.699123896603935	-50.80049124525334	1	1	t14559_TEWL_temperature	 ~ t14110_gender + t4_examination_age + t277_BMI + wash + cream + t14559_TEWL_temperature	 ~ t14110_gender + t4_examination_age + t277_BMI + wash + cream
ASV55	93.2872070193516	0.01605433984787314	0.6992126848824146	-60.242376957525266	1	1	t14559_TEWL_temperature	 ~ t14110_gender + t4_examination_age + t277_BMI + wash + cream + t14559_TEWL_temperature	 ~ t14110_gender + t4_examination_age + t277_BMI + wash + cream
ASV59	21.895547017166493	0.007471206690386112	0.6921414643769171	-0.2993887707179397	1	1	t14559_TEWL_temperature	 ~ t14110_gender + t4_examination_age + t277_BMI + wash + cream + t14559_TEWL_temperature	 ~ t14110_gender + t4_examination_age + t277_BMI + wash + cream
ASV64	25.36269749757459	0.007340625272621993	0.24552545469252915	0.2748329377581058	0.6001080675592483	1	t14559_TEWL_temperature	 ~ t14110_gender + t4_examination_age + t277_BMI + wash + cream + t14559_TEWL_temperature	 ~ t14110_gender + t4_examination_age + t277_BMI + wash + cream
ASV74	26.143062720410683	-0.0933984164210952	0.3768268201827445	0.40468641289533025	0.5246788686454613	1	t14559_TEWL_temperature	 ~ t14110_gender + t4_examination_age + t277_BMI + wash + cream + t14559_TEWL_temperature	 ~ t14110_gender + t4_examination_age + t277_BMI + wash + cream
ASV84	24.910663759043945	-0.022460942500430355	0.7032811772026404	-0.9876499161094898	1	1	t14559_TEWL_temperature	 ~ t14110_gender + t4_examination_age + t277_BMI + wash + cream + t14559_TEWL_temperature	 ~ t14110_gender + t4_examination_age + t277_BMI + wash + cream
ASV88	33.89913655604035	0.027323542590862282	0.7042396085531658	-3.5421663974052535	1	1	t14559_TEWL_temperature	 ~ t14110_gender + t4_examination_age + t277_BMI + wash + cream + t14559_TEWL_temperature	 ~ t14110_gender + t4_examination_age + t277_BMI + wash + cream
ASV89	23.64819969269604	-0.03431378736612347	0.701437543258469	0.46246938732116405	0.4964721574826164	1	t14559_TEWL_temperature	 ~ t14110_gender + t4_examination_age + t277_BMI + wash + cream + t14559_TEWL_temperature	 ~ t14110_gender + t4_examination_age + t277_BMI + wash + cream
ASV97	34.311150360922106	0.055684617886680284	0.702464903739629	-1.4151314416496916	1	1	t14559_TEWL_temperature	 ~ t14110_gender + t4_examination_age + t277_BMI + wash + cream + t14559_TEWL_temperature	 ~ t14110_gender + t4_examination_age + t277_BMI + wash + cream
ASV122	35.31757965882334	0.04909795923794003	0.7025136404861789	-1.7721529388967951	1	1	t14559_TEWL_temperature	 ~ t14110_gender + t4_examination_age + t277_BMI + wash + cream + t14559_TEWL_temperature	 ~ t14110_gender + t4_examination_age + t277_BMI + wash + cream
ASV137	21.776571453384033	0.005422768424883598	0.7036220127287465	-0.5897891070441403	1	1	t14559_TEWL_temperature	 ~ t14110_gender + t4_examination_age + t277_BMI + wash + cream + t14559_TEWL_temperature	 ~ t14110_gender + t4_examination_age + t277_BMI + wash + cream
ASV141	29.190596801083487	0.019468493839468717	0.7034413393884099	0.395424849236349	0.5294615650520137	1	t14559_TEWL_temperature	 ~ t14110_gender + t4_examination_age + t277_BMI + wash + cream + t14559_TEWL_temperature	 ~ t14110_gender + t4_examination_age + t277_BMI + wash + cream
ASV145	111.24197623405252	-0.005783604510915837	0.7034316887566129	0.5332980704322381	0.465223573067306	1	t14559_TEWL_temperature	 ~ t14110_gender + t4_examination_age + t277_BMI + wash + cream + t14559_TEWL_temperature	 ~ t14110_gender + t4_examination_age + t277_BMI + wash + cream
ASV177	30.27533703660418	-0.04030133359532064	0.7031536727795953	-1.395456159634989	1	1	t14559_TEWL_temperature	 ~ t14110_gender + t4_examination_age + t277_BMI + wash + cream + t14559_TEWL_temperature	 ~ t14110_gender + t4_examination_age + t277_BMI + wash + cream
ASV267	105.30043449222343	-0.13094965978427667	0.7043700547079479	0.512438961094972	0.47408495031235104	1	t14559_TEWL_temperature	 ~ t14110_gender + t4_examination_age + t277_BMI + wash + cream + t14559_TEWL_temperature	 ~ t14110_gender + t4_examination_age + t277_BMI + wash + cream
ASV445	154.72422937788355	0.0490282786005351	0.7045902939646836	-0.005647380348420938	1	1	t14559_TEWL_temperature	 ~ t14110_gender + t4_examination_age + t277_BMI + wash + cream + t14559_TEWL_temperature	 ~ t14110_gender + t4_examination_age + t277_BMI + wash + cream
ASV500	29.874134207453444	0.019918137480140815	0.704629877773556	-0.0026527578881996305	1	1	t14559_TEWL_temperature	 ~ t14110_gender + t4_examination_age + t277_BMI + wash + cream + t14559_TEWL_temperature	 ~ t14110_gender + t4_examination_age + t277_BMI + wash + cream
ASV558	101.76176539730974	-0.035013609756628164	0.7045878615093777	-0.4331703172674679	1	1	t14559_TEWL_temperature	 ~ t14110_gender + t4_examination_age + t277_BMI + wash + cream + t14559_TEWL_temperature	 ~ t14110_gender + t4_examination_age + t277_BMI + wash + cream
ASV598	64.28996633142395	0.08456494113170501	0.7045944318426316	-0.010431058278811633	1	1	t14559_TEWL_temperature	 ~ t14110_gender + t4_examination_age + t277_BMI + wash + cream + t14559_TEWL_temperature	 ~ t14110_gender + t4_examination_age + t277_BMI + wash + cream
